Workbook

Sheet Cost Model
B2: AWS Connect → Azure Speech → D365 | Live Transcription Cost Model
B3: Incremental cost of the transcription layer only. EXCLUDES telephony (existing cost) and D365 Copilot licensing (separate).
B5: INPUTS (edit the blue cells) | C5: Value | D5: Unit
B6: Call minutes per month | C6: 11000 | D6: min
B7: Channels transcribed (1 = caller only, 2 = both) | C7: 2 | D7: ch
B8: Azure Speech price | C8: 1 | D8: $/audio-hr
B9: Direct Line segments per call-minute | C9: 2 | D9: msg/min
B10: Direct Line price | C10: 0.5 | D10: $/1000 msg
B11: Kinesis Video Streams price | C11: 0.0085 | D11: $/GB
B12: AWS→Azure egress price | C12: 0.09 | D12: $/GB
B13: Audio volume per call-hour, per channel | C13: 0.12 | D13: GB
B14: Container Apps (consumer + ingestor), fixed | C14: 65 | D14: $/month
B16: MONTHLY COST BREAKDOWN | C16: Cost | D16: % of total
B17: Azure Speech (real-time STT) | C17: =($C$6/60)*$C$7*$C$8 | D17: =C17/$C$22 | E17: =(minutes / 60) × channels × $/audio-hour
B18: Bot Direct Line messages | C18: =($C$6*$C$9/1000)*$C$10 | D18: =C18/$C$22 | E18: =(minutes × segments / 1000) × $/1000 msg
B19: Kinesis Video Streams (ingest + consume) | C19: =($C$6/60)*$C$13*$C$7*2*$C$11 | D19: =C19/$C$22 | E19: =call-hours × GB/hr/ch × channels × 2 × $/GB
B20: AWS→Azure egress | C20: =($C$6/60)*$C$13*$C$7*$C$12 | D20: =C20/$C$22 | E20: =call-hours × GB/hr/ch × channels × $/GB
B21: Container Apps (fixed) | C21: =$C$14 | D21: =C21/$C$22 | E21: flat, regardless of call volume
B22: TOTAL MONTHLY COST | C22: =SUM(C17:C21)
B23: Cost per call-minute (all-in) | C23: =C22/$C$6
B24: Variable cost per call-minute (excl. fixed) | C24: =(C22-C21)/$C$6

Sheet Scenarios
B2: Monthly Cost by Volume
B3: Uses the unit prices from the 'Cost Model' sheet. Only call minutes differ per column.
B5: Assumption / Scenario | C5: Small (pilot) | D5: Medium | E5: Large
B6: Call minutes / month | C6: 2000 | D6: 11000 | E6: 100000
B7: Azure Speech | C7: =(C6/60)*'Cost Model'!$C$7*'Cost Model'!$C$8 | D7: =(D6/60)*'Cost Model'!$C$7*'Cost Model'!$C$8 | E7: =(E6/60)*'Cost Model'!$C$7*'Cost Model'!$C$8
B8: Direct Line | C8: =(C6*'Cost Model'!$C$9/1000)*'Cost Model'!$C$10 | D8: =(D6*'Cost Model'!$C$9/1000)*'Cost Model'!$C$10 | E8: =(E6*'Cost Model'!$C$9/1000)*'Cost Model'!$C$10
B9: KVS + egress | C9: =(C6/60)*'Cost Model'!$C$13*'Cost Model'!$C$7*2*'Cost Model'!$C$11+(C6/60)*'Cost Model'!$C$13*'Cost Model'!$C$7*'Cost Model'!$C$12 | D9: =(D6/60)*'Cost Model'!$C$13*'Cost Model'!$C$7*2*'Cost Model'!$C$11+(D6/60)*'Cost Model'!$C$13*'Cost Model'!$C$7*'Cost Model'!$C$12 | E9: =(E6/60)*'Cost Model'!$C$13*'Cost Model'!$C$7*2*'Cost Model'!$C$11+(E6/60)*'Cost Model'!$C$13*'Cost Model'!$C$7*'Cost Model'!$C$12
B10: Container Apps (fixed) | C10: ='Cost Model'!$C$14 | D10: ='Cost Model'!$C$14 | E10: ='Cost Model'!$C$14
B11: TOTAL / MONTH | C11: =SUM(C7:C10) | D11: =SUM(D7:D10) | E11: =SUM(E7:E10)
B12: TOTAL / YEAR | C12: =C11*12 | D12: =D11*12 | E12: =E11*12
B13: Cost per call-minute | C13: =C11/C6 | D13: =D11/D6 | E13: =E11/E6
B15: Legend:
B16: Blue = editable input • Green = pulled from Cost Model sheet • Black = formula

Sheet Assumptions & Sources
B2: Assumptions, Method & Caveats
B4: SCOPE — this model prices ONLY the net-new transcription pipeline that was built:
B5: AWS Kinesis Video Streams → Azure Container Apps (KVS consumer) → Azure AI Speech (real-time STT) → Azure Bot Direct Line → D365.
B7: EXCLUDED on purpose:
B8: • Amazon Connect telephony / per-minute call charges — this is an existing cost the customer already pays.
B9: • D365 Copilot for Service licensing (agent assist, summaries) — a separate per-seat / capacity SKU.
B11: KEY DRIVER:
B12: • Azure Speech is ~90–95% of the incremental cost. It is billed per audio-hour, PER channel.
B13: • Transcribing both caller and agent = 2 channels = 2× Speech. Set 'Channels' to 1 to transcribe caller only (~half the Speech cost).
B15: UNIT-PRICE SOURCES (US, list price — confirm for your region/commitment):
B16: • Azure AI Speech, standard real-time speech-to-text: $1.00 / audio-hour. Commitment tiers can lower this to ~$0.60–0.80/hr at volume.
B17: • Azure Bot Service Direct Line (S1): $0.50 per 1,000 messages. Each transcript segment ≈ 1 message (~2/min assumed).
... B25: All prices are list and approximate; use for planning/estimation, not billing. Verify on the Azure and AWS pricing calculators for your region.
